model,batch_size,precision,quant_mode,mean_cosine_similarity,std_cosine_similarity,mean_square_error,mean_L2_distance,std_l2_distance
DOEJGI/GenomeOcean-100M,16,float32,8bit,0.999805748462677,0.00020983701688237488,0.00015083837206475437,0.3286406397819519,0.08856156468391418
DOEJGI/GenomeOcean-100M,16,float32,4bit_nf4,0.9912943243980408,0.003310171654447913,0.006666584871709347,2.233454942703247,0.3628796935081482
DOEJGI/GenomeOcean-100M,16,float32,4bit_fp4,0.9761408567428589,0.009490203112363815,0.018723251298069954,3.732585906982422,0.6689428687095642
DOEJGI/GenomeOcean-100M,16,float32,4bit_nf4_double,0.9912943243980408,0.003310171654447913,0.006666584871709347,2.233454942703247,0.3628796935081482
