model,batch_size,precision,quant_mode,mean_cosine_similarity,std_cosine_similarity,mean_square_error,mean_L2_distance,std_l2_distance
DOEJGI/GenomeOcean-100M,16,float16,8bit,0.99980628490448,0.00020904144912492484,0.00015049560170155019,0.3282657265663147,0.08846558630466461
DOEJGI/GenomeOcean-100M,16,float16,4bit_nf4,0.9912969470024109,0.003310230327770114,0.006664634682238102,2.2331268787384033,0.3628346025943756
DOEJGI/GenomeOcean-100M,16,float16,4bit_fp4,0.9761419296264648,0.009493900462985039,0.0187225304543972,3.7324767112731934,0.6691361665725708
DOEJGI/GenomeOcean-100M,16,float16,4bit_nf4_double,0.9912969470024109,0.003310230327770114,0.006664634682238102,2.2331268787384033,0.3628346025943756
