model,batch_size,precision,quant_mode,mean_cosine_similarity,std_cosine_similarity,mean_square_error,mean_L2_distance,std_l2_distance
DOEJGI/GenomeOcean-100M,64,float16,8bit,0.9998072385787964,0.0002054703509202227,0.00014937494415789843,0.3271777927875519,0.08762694150209427
DOEJGI/GenomeOcean-100M,64,float16,4bit_nf4,0.9912847876548767,0.0033178357407450676,0.006671656388789415,2.2343735694885254,0.3625912368297577
DOEJGI/GenomeOcean-100M,64,float16,4bit_fp4,0.9761486649513245,0.009493771009147167,0.01871684566140175,3.7318801879882812,0.6692006587982178
DOEJGI/GenomeOcean-100M,64,float16,4bit_nf4_double,0.9912996292114258,0.00330953486263752,0.006662485655397177,2.2327585220336914,0.36282679438591003
