model,batch_size,precision,quant_mode,mean_cosine_similarity,std_cosine_similarity,mean_square_error,mean_L2_distance,std_l2_distance
DOEJGI/GenomeOcean-100M,16,bfloat16,8bit,0.9998044371604919,0.0002129191270796582,0.0001518094795756042,0.32994043827056885,0.08793661743402481
DOEJGI/GenomeOcean-100M,16,bfloat16,4bit_nf4,0.9913561940193176,0.003274520393460989,0.006617450620979071,2.22526216506958,0.36121422052383423
DOEJGI/GenomeOcean-100M,16,bfloat16,4bit_fp4,0.9761483073234558,0.009453058242797852,0.018712766468524933,3.731588840484619,0.6684854030609131
DOEJGI/GenomeOcean-100M,16,bfloat16,4bit_nf4_double,0.9913561940193176,0.003274520393460989,0.006617450620979071,2.22526216506958,0.36121422052383423
