model,batch_size,precision,quant_mode,mean_cosine_similarity,std_cosine_similarity,mean_square_error,mean_L2_distance,std_l2_distance
DOEJGI/GenomeOcean-4B,4,bfloat16,8bit,0.9998583793640137,0.00013736987602896988,3.6620516766561195e-05,0.3248347043991089,0.08357104659080505
DOEJGI/GenomeOcean-4B,4,bfloat16,4bit_nf4,0.9974517822265625,0.0008024560520425439,0.0006752808694727719,1.423362135887146,0.22028934955596924
DOEJGI/GenomeOcean-4B,4,bfloat16,4bit_fp4,0.9943438768386841,0.002145633101463318,0.0014667307259514928,2.0906801223754883,0.36731645464897156
DOEJGI/GenomeOcean-4B,4,bfloat16,4bit_nf4_double,0.9974384903907776,0.000814324535895139,0.0006798871327191591,1.4277344942092896,0.22408156096935272
