model,batch_size,precision,quant_mode,mean_cosine_similarity,std_cosine_similarity,mean_square_error,mean_L2_distance,std_l2_distance
DOEJGI/GenomeOcean-4B,4,float32,8bit,0.9998583793640137,0.00013736987602896988,3.6620516766561195e-05,0.3248347043991089,0.08357104659080505
DOEJGI/GenomeOcean-4B,4,float32,4bit_nf4,0.9974852204322815,0.000791036756709218,0.0006660349317826331,1.4137873649597168,0.217458575963974
DOEJGI/GenomeOcean-4B,4,float32,4bit_fp4,0.9943613409996033,0.002139903837814927,0.0014621985610574484,2.087437152862549,0.36680689454078674
DOEJGI/GenomeOcean-4B,4,float32,4bit_nf4_double,0.9974504113197327,0.0008128558984026313,0.000676303927320987,1.4240072965621948,0.22323496639728546
