model,batch_size,precision,quant_mode,mean_cosine_similarity,std_cosine_similarity,mean_square_error,mean_L2_distance,std_l2_distance
DOEJGI/GenomeOcean-4B,4,float16,8bit,0.9998581409454346,0.00013674604997504503,3.667333294288255e-05,0.32507044076919556,0.08362522721290588
DOEJGI/GenomeOcean-4B,4,float16,4bit_nf4,0.9974849820137024,0.0007912433356977999,0.0006661363295279443,1.4138883352279663,0.2175183743238449
DOEJGI/GenomeOcean-4B,4,float16,4bit_fp4,0.9943615794181824,0.002139560179784894,0.0014621159061789513,2.0873851776123047,0.3667556941509247
DOEJGI/GenomeOcean-4B,4,float16,4bit_nf4_double,0.997450053691864,0.0008130959467962384,0.0006764044519513845,1.4241105318069458,0.22326914966106415
